ID_Transaccion,Fecha,Empresa,Pais,Tipo_Pago,Monto,Aprobacion_Interna,Partes_Relacionadas,Descripcion
1,2021-04-08,Empresa C,México,Regalo,247,True,True,Descripción de la transacción
2,2021-10-30,Empresa C,Brasil,Donación,474797,True,True,Descripción de la transacción
3,2018-01-06,Empresa D,México,Patrocinio,388,False,False,Descripción de la transacción
4,2022-04-06,Empresa C,Rusia,Otro,69030,False,True,Descripción de la transacción
5,2022-08-01,Empresa A,Nigeria,Patrocinio,55310,True,True,Descripción de la transacción
6,2022-08-06,Empresa C,China,Comisión,52090,True,False,Descripción de la transacción
7,2022-09-10,Empresa E,México,Patrocinio,581415,False,False,Descripción de la transacción
8,2023-05-21,Empresa E,India,Regalo,97849,True,True,Descripción de la transacción
9,2019-11-26,Empresa E,Estados Unidos,Donación,962409,False,False,Descripción de la transacción
10,2021-01-20,Empresa B,Rusia,Patrocinio,722,False,True,Descripción de la transacción
11,2020-06-11,Empresa C,Estados Unidos,Patrocinio,73965,True,True,Descripción de la transacción
12,2018-04-05,Empresa C,Nigeria,Donación,912840,False,True,Descripción de la transacción
13,2018-09-12,Empresa C,Rusia,Regalo,154532,True,True,Descripción de la transacción
14,2020-06-20,Empresa D,Nigeria,Otro,971382,True,False,Descripción de la transacción
15,2019-01-15,Empresa B,Estados Unidos,Otro,78823,False,True,Descripción de la transacción
16,2018-11-17,Empresa B,Nigeria,Otro,658,True,True,Descripción de la transacción
17,2018-01-24,Empresa B,Brasil,Patrocinio,4019,True,False,Descripción de la transacción
18,2021-12-14,Empresa C,China,Regalo,617502,False,False,Descripción de la transacción
19,2021-01-15,Empresa C,Rusia,Comisión,39076,True,True,Descripción de la transacción
20,2023-12-04,Empresa B,Nigeria,Patrocinio,80977,False,False,Descripción de la transacción
21,2023-03-30,Empresa A,Estados Unidos,Regalo,563,True,True,Descripción de la transacción
22,2020-06-28,Empresa D,Estados Unidos,Donación,3243,True,True,Descripción de la transacción
23,2020-03-15,Empresa B,Estados Unidos,Regalo,399,False,True,Descripción de la transacción
24,2022-12-12,Empresa A,India,Comisión,340112,True,False,Descripción de la transacción
25,2021-07-07,Empresa C,México,Otro,28906,True,True,Descripción de la transacción
26,2021-08-16,Empresa E,India,Otro,538,True,True,Descripción de la transacción
27,2021-02-18,Empresa E,India,Otro,811081,True,True,Descripción de la transacción
28,2018-03-14,Empresa C,México,Comisión,80145,False,False,Descripción de la transacción
29,2021-04-24,Empresa C,India,Comisión,58884,True,True,Descripción de la transacción
30,2023-01-18,Empresa D,México,Regalo,8449,True,True,Descripción de la transacción
31,2021-09-02,Empresa E,México,Comisión,9612,True,False,Descripción de la transacción
32,2020-11-11,Empresa A,Estados Unidos,Donación,1928,True,True,Descripción de la transacción
33,2019-09-20,Empresa B,México,Patrocinio,276,True,True,Descripción de la transacción
34,2021-12-28,Empresa E,Rusia,Otro,7535,False,False,Descripción de la transacción
35,2023-10-03,Empresa C,Estados Unidos,Regalo,706,True,False,Descripción de la transacción
36,2023-11-20,Empresa D,Rusia,Otro,817,True,False,Descripción de la transacción
37,2019-08-30,Empresa D,México,Regalo,70230,True,False,Descripción de la transacción
38,2021-09-03,Empresa E,China,Comisión,5884,False,False,Descripción de la transacción
39,2020-09-12,Empresa A,Brasil,Comisión,276550,False,True,Descripción de la transacción
40,2021-09-18,Empresa B,Brasil,Regalo,7590,False,False,Descripción de la transacción
41,2022-10-11,Empresa A,Brasil,Otro,738,True,False,Descripción de la transacción
42,2018-01-23,Empresa A,México,Comisión,89654,False,False,Descripción de la transacción
43,2020-10-27,Empresa B,China,Comisión,6463,True,True,Descripción de la transacción
44,2023-01-14,Empresa B,Nigeria,Patrocinio,207038,True,True,Descripción de la transacción
45,2018-09-10,Empresa B,China,Donación,301,False,False,Descripción de la transacción
46,2021-03-04,Empresa C,Nigeria,Comisión,1763,False,False,Descripción de la transacción
47,2022-03-08,Empresa D,Estados Unidos,Donación,2261,True,False,Descripción de la transacción
48,2021-10-16,Empresa D,México,Otro,651786,True,False,Descripción de la transacción
49,2018-09-12,Empresa C,Nigeria,Patrocinio,916903,True,False,Descripción de la transacción
50,2018-02-11,Empresa D,Rusia,Otro,377,False,True,Descripción de la transacción
51,2021-07-05,Empresa B,Estados Unidos,Comisión,76996,True,False,Descripción de la transacción
52,2019-12-19,Empresa E,Estados Unidos,Comisión,8444,False,False,Descripción de la transacción
53,2022-03-27,Empresa E,China,Otro,6315,True,True,Descripción de la transacción
54,2023-09-26,Empresa E,China,Donación,25054,False,False,Descripción de la transacción
55,2023-06-13,Empresa D,Estados Unidos,Patrocinio,421,False,True,Descripción de la transacción
56,2020-12-07,Empresa A,Estados Unidos,Otro,467,False,False,Descripción de la transacción
57,2020-09-04,Empresa C,Brasil,Regalo,67068,True,True,Descripción de la transacción
58,2021-05-11,Empresa A,Nigeria,Regalo,863819,True,False,Descripción de la transacción
59,2020-12-14,Empresa A,India,Comisión,53697,True,True,Descripción de la transacción
60,2020-10-17,Empresa C,China,Otro,847364,False,False,Descripción de la transacción
61,2021-08-26,Empresa A,Rusia,Comisión,4818,False,True,Descripción de la transacción
62,2019-09-02,Empresa D,Estados Unidos,Otro,5205,True,False,Descripción de la transacción
63,2021-07-13,Empresa D,Estados Unidos,Donación,957,True,False,Descripción de la transacción
64,2019-02-05,Empresa D,Estados Unidos,Regalo,11990,True,True,Descripción de la transacción
65,2022-03-17,Empresa D,China,Otro,55315,False,False,Descripción de la transacción
66,2021-07-19,Empresa B,India,Regalo,229244,True,False,Descripción de la transacción
67,2021-09-25,Empresa D,Rusia,Donación,831194,False,True,Descripción de la transacción
68,2020-12-11,Empresa E,Estados Unidos,Patrocinio,639390,True,True,Descripción de la transacción
69,2020-06-27,Empresa C,México,Otro,635,False,True,Descripción de la transacción
70,2022-10-07,Empresa B,Brasil,Comisión,89907,False,False,Descripción de la transacción
71,2023-02-28,Empresa C,Estados Unidos,Donación,20211,False,False,Descripción de la transacción
72,2019-05-01,Empresa D,Brasil,Comisión,536860,False,False,Descripción de la transacción
73,2019-10-15,Empresa D,Brasil,Otro,11825,False,False,Descripción de la transacción
74,2021-05-15,Empresa B,China,Patrocinio,1316,True,True,Descripción de la transacción
75,2020-06-13,Empresa B,Rusia,Patrocinio,37577,False,False,Descripción de la transacción
76,2019-11-30,Empresa D,México,Patrocinio,413,False,False,Descripción de la transacción
77,2019-12-07,Empresa D,Estados Unidos,Patrocinio,869,False,False,Descripción de la transacción
78,2021-06-20,Empresa E,Nigeria,Comisión,4728,True,True,Descripción de la transacción
79,2021-10-02,Empresa D,India,Donación,32791,False,True,Descripción de la transacción
80,2020-04-04,Empresa C,Rusia,Donación,1829,False,True,Descripción de la transacción
81,2019-05-20,Empresa D,Brasil,Regalo,75783,True,True,Descripción de la transacción
82,2022-02-23,Empresa C,China,Otro,264535,True,True,Descripción de la transacción
83,2020-07-27,Empresa E,Nigeria,Patrocinio,932345,False,True,Descripción de la transacción
84,2023-10-22,Empresa E,México,Donación,973459,False,True,Descripción de la transacción
85,2023-04-14,Empresa E,Rusia,Patrocinio,89029,True,False,Descripción de la transacción
86,2020-10-01,Empresa C,México,Otro,350985,False,False,Descripción de la transacción
87,2021-07-17,Empresa A,China,Patrocinio,387285,True,False,Descripción de la transacción
88,2022-05-01,Empresa D,China,Otro,384,False,True,Descripción de la transacción
89,2020-05-11,Empresa D,Rusia,Regalo,4901,False,True,Descripción de la transacción
90,2021-02-11,Empresa A,Rusia,Otro,91409,True,True,Descripción de la transacción
91,2018-11-09,Empresa C,Nigeria,Comisión,60920,True,False,Descripción de la transacción
92,2021-02-17,Empresa A,China,Donación,7547,True,False,Descripción de la transacción
93,2023-12-10,Empresa C,India,Regalo,565,False,True,Descripción de la transacción
94,2021-01-04,Empresa E,Rusia,Donación,453,False,True,Descripción de la transacción
95,2020-08-08,Empresa D,Rusia,Patrocinio,978,False,True,Descripción de la transacción
96,2020-11-13,Empresa A,India,Donación,4716,False,True,Descripción de la transacción
97,2019-12-25,Empresa A,India,Patrocinio,2922,False,True,Descripción de la transacción
98,2020-03-29,Empresa E,México,Patrocinio,342356,True,True,Descripción de la transacción
99,2019-10-03,Empresa D,Estados Unidos,Donación,703,False,True,Descripción de la transacción
100,2023-09-12,Empresa D,México,Otro,505262,True,True,Descripción de la transacción
101,2019-05-10,Empresa D,Rusia,Otro,412580,False,True,Descripción de la transacción
102,2022-08-12,Empresa B,México,Donación,41492,False,True,Descripción de la transacción
103,2023-08-17,Empresa B,Estados Unidos,Comisión,257,True,True,Descripción de la transacción
104,2021-04-22,Empresa A,México,Otro,8863,False,False,Descripción de la transacción
105,2018-08-05,Empresa B,Rusia,Donación,127006,True,True,Descripción de la transacción
106,2020-07-29,Empresa C,México,Regalo,84052,False,False,Descripción de la transacción
107,2019-01-29,Empresa B,Brasil,Otro,403116,False,True,Descripción de la transacción
108,2018-06-22,Empresa D,México,Patrocinio,27262,True,False,Descripción de la transacción
109,2018-10-04,Empresa B,Brasil,Otro,563294,False,False,Descripción de la transacción
110,2020-09-13,Empresa A,China,Donación,49448,True,True,Descripción de la transacción
111,2020-02-08,Empresa D,Nigeria,Donación,128749,False,False,Descripción de la transacción
112,2021-04-18,Empresa B,Rusia,Comisión,5542,True,True,Descripción de la transacción
113,2020-09-13,Empresa B,Rusia,Otro,61468,False,False,Descripción de la transacción
114,2022-03-01,Empresa A,Estados Unidos,Comisión,75475,False,False,Descripción de la transacción
115,2021-10-07,Empresa A,Nigeria,Patrocinio,38303,False,False,Descripción de la transacción
116,2022-10-27,Empresa A,México,Regalo,140,True,True,Descripción de la transacción
117,2021-10-01,Empresa B,Rusia,Comisión,962,False,True,Descripción de la transacción
118,2023-07-20,Empresa E,Brasil,Otro,4476,False,False,Descripción de la transacción
119,2023-04-25,Empresa A,China,Regalo,17665,True,False,Descripción de la transacción
120,2018-10-21,Empresa B,Nigeria,Patrocinio,60446,True,False,Descripción de la transacción
121,2022-08-13,Empresa B,China,Donación,948,False,False,Descripción de la transacción
122,2021-10-04,Empresa B,México,Otro,22170,False,False,Descripción de la transacción
123,2021-09-04,Empresa B,México,Patrocinio,435118,True,True,Descripción de la transacción
124,2020-12-02,Empresa D,Estados Unidos,Comisión,2476,False,False,Descripción de la transacción
125,2019-08-21,Empresa E,Estados Unidos,Regalo,305155,True,True,Descripción de la transacción
126,2023-12-02,Empresa D,México,Donación,71782,False,True,Descripción de la transacción
127,2020-01-27,Empresa A,Estados Unidos,Otro,729284,True,True,Descripción de la transacción
128,2019-04-11,Empresa C,Rusia,Patrocinio,837,True,False,Descripción de la transacción
129,2020-11-10,Empresa C,Nigeria,Donación,903061,False,True,Descripción de la transacción
130,2023-09-10,Empresa E,Brasil,Donación,41538,True,True,Descripción de la transacción
131,2018-01-01,Empresa D,China,Patrocinio,844152,False,False,Descripción de la transacción
132,2019-11-12,Empresa D,Brasil,Patrocinio,977828,False,False,Descripción de la transacción
133,2023-04-27,Empresa D,Brasil,Regalo,402,False,True,Descripción de la transacción
134,2021-10-28,Empresa D,China,Otro,279857,True,True,Descripción de la transacción
135,2022-08-28,Empresa E,Nigeria,Otro,166235,False,False,Descripción de la transacción
136,2020-05-30,Empresa C,Nigeria,Patrocinio,881107,True,False,Descripción de la transacción
137,2022-07-25,Empresa D,India,Regalo,341,True,False,Descripción de la transacción
138,2020-11-08,Empresa D,Estados Unidos,Patrocinio,191985,True,False,Descripción de la transacción
139,2023-07-21,Empresa E,China,Regalo,74992,True,False,Descripción de la transacción
140,2022-09-11,Empresa C,India,Comisión,7444,False,False,Descripción de la transacción
141,2021-06-24,Empresa B,India,Patrocinio,7712,True,True,Descripción de la transacción
142,2019-08-01,Empresa D,Nigeria,Regalo,3906,True,False,Descripción de la transacción
143,2021-09-02,Empresa C,India,Patrocinio,31449,True,False,Descripción de la transacción
144,2023-08-24,Empresa A,Rusia,Otro,60710,True,True,Descripción de la transacción
145,2019-03-14,Empresa D,China,Regalo,6711,False,True,Descripción de la transacción
146,2021-01-18,Empresa C,Rusia,Otro,32918,True,False,Descripción de la transacción
147,2021-11-06,Empresa D,Brasil,Regalo,17292,False,True,Descripción de la transacción
148,2021-04-22,Empresa E,México,Patrocinio,5530,True,True,Descripción de la transacción
149,2020-03-14,Empresa E,India,Donación,874545,True,True,Descripción de la transacción
150,2020-08-07,Empresa D,Nigeria,Otro,2346,False,True,Descripción de la transacción
151,2022-03-08,Empresa C,Estados Unidos,Regalo,36338,True,False,Descripción de la transacción
152,2018-04-10,Empresa E,México,Otro,555544,False,False,Descripción de la transacción
153,2023-03-27,Empresa E,Nigeria,Regalo,102066,True,True,Descripción de la transacción
154,2023-10-29,Empresa B,China,Donación,97688,True,False,Descripción de la transacción
155,2018-07-07,Empresa B,India,Comisión,543,False,False,Descripción de la transacción
156,2022-12-01,Empresa A,Estados Unidos,Donación,33897,False,True,Descripción de la transacción
157,2022-11-03,Empresa B,Brasil,Patrocinio,941426,False,True,Descripción de la transacción
158,2023-04-29,Empresa D,Estados Unidos,Donación,230,True,False,Descripción de la transacción
159,2020-06-03,Empresa D,México,Regalo,87418,True,False,Descripción de la transacción
160,2021-03-29,Empresa A,China,Donación,57802,True,False,Descripción de la transacción
161,2019-09-03,Empresa A,Brasil,Otro,96400,False,False,Descripción de la transacción
162,2021-06-29,Empresa A,India,Otro,3168,False,False,Descripción de la transacción
163,2019-11-30,Empresa B,México,Otro,69992,False,False,Descripción de la transacción
164,2018-10-14,Empresa C,India,Regalo,3946,False,True,Descripción de la transacción
165,2023-08-09,Empresa D,Nigeria,Otro,653188,False,True,Descripción de la transacción
166,2020-01-14,Empresa A,India,Otro,632,False,True,Descripción de la transacción
167,2019-05-01,Empresa E,Estados Unidos,Patrocinio,43929,False,False,Descripción de la transacción
168,2018-09-28,Empresa A,Estados Unidos,Patrocinio,250448,False,True,Descripción de la transacción
169,2022-09-06,Empresa A,Nigeria,Donación,21108,False,False,Descripción de la transacción
170,2019-01-01,Empresa D,Nigeria,Regalo,107926,True,False,Descripción de la transacción
171,2023-06-20,Empresa B,Brasil,Donación,20883,True,False,Descripción de la transacción
172,2018-10-10,Empresa E,Rusia,Comisión,8233,False,True,Descripción de la transacción
173,2018-02-18,Empresa D,Rusia,Regalo,5694,True,True,Descripción de la transacción
174,2023-09-25,Empresa A,Rusia,Patrocinio,7172,False,True,Descripción de la transacción
175,2023-11-12,Empresa D,China,Patrocinio,91570,False,True,Descripción de la transacción
176,2022-09-27,Empresa E,Brasil,Regalo,7435,False,False,Descripción de la transacción
177,2023-11-01,Empresa E,Estados Unidos,Otro,636676,True,False,Descripción de la transacción
178,2022-02-09,Empresa C,India,Regalo,6755,False,True,Descripción de la transacción
179,2023-01-09,Empresa C,Nigeria,Patrocinio,723,True,False,Descripción de la transacción
180,2021-12-07,Empresa D,Estados Unidos,Regalo,167600,False,True,Descripción de la transacción
181,2023-03-06,Empresa E,Rusia,Comisión,76174,False,True,Descripción de la transacción
182,2020-11-07,Empresa A,México,Otro,327,False,True,Descripción de la transacción
183,2021-05-30,Empresa E,Rusia,Otro,1323,False,False,Descripción de la transacción
184,2023-12-25,Empresa D,Estados Unidos,Donación,712,False,True,Descripción de la transacción
185,2023-02-01,Empresa B,Nigeria,Comisión,11948,False,False,Descripción de la transacción
186,2019-05-07,Empresa D,Estados Unidos,Patrocinio,55992,False,True,Descripción de la transacción
187,2020-11-06,Empresa E,México,Otro,88923,False,True,Descripción de la transacción
188,2019-06-09,Empresa E,México,Comisión,69189,True,True,Descripción de la transacción
189,2020-07-29,Empresa C,China,Otro,686,True,False,Descripción de la transacción
190,2022-10-17,Empresa C,India,Regalo,3941,False,True,Descripción de la transacción
191,2019-04-05,Empresa E,México,Otro,8385,False,False,Descripción de la transacción
192,2023-02-01,Empresa D,Estados Unidos,Donación,242877,True,False,Descripción de la transacción
193,2020-11-26,Empresa D,Nigeria,Donación,185,False,True,Descripción de la transacción
194,2020-03-05,Empresa E,Brasil,Comisión,9215,True,False,Descripción de la transacción
195,2022-11-15,Empresa B,India,Regalo,99213,False,False,Descripción de la transacción
196,2020-04-22,Empresa B,Estados Unidos,Donación,8073,False,False,Descripción de la transacción
197,2018-09-18,Empresa E,Brasil,Regalo,321091,True,False,Descripción de la transacción
198,2018-03-29,Empresa A,China,Donación,961199,True,True,Descripción de la transacción
199,2021-10-23,Empresa E,Estados Unidos,Otro,398,True,True,Descripción de la transacción
200,2018-10-18,Empresa C,China,Regalo,97319,False,False,Descripción de la transacción
201,2020-08-02,Empresa A,China,Regalo,809,False,False,Descripción de la transacción
202,2021-12-07,Empresa A,Estados Unidos,Patrocinio,364052,False,True,Descripción de la transacción
203,2020-02-13,Empresa E,Nigeria,Regalo,934542,False,True,Descripción de la transacción
204,2022-02-02,Empresa D,India,Regalo,362322,False,True,Descripción de la transacción
205,2020-02-16,Empresa D,Brasil,Donación,1885,False,False,Descripción de la transacción
206,2019-05-05,Empresa A,India,Donación,8543,True,False,Descripción de la transacción
207,2018-02-13,Empresa A,México,Otro,3885,True,False,Descripción de la transacción
208,2019-02-03,Empresa B,Estados Unidos,Donación,521175,True,True,Descripción de la transacción
209,2023-05-07,Empresa A,Brasil,Regalo,73741,False,True,Descripción de la transacción
210,2018-03-23,Empresa D,Estados Unidos,Regalo,469,False,True,Descripción de la transacción
211,2019-07-18,Empresa B,Estados Unidos,Donación,99205,True,False,Descripción de la transacción
212,2019-12-06,Empresa C,México,Otro,94821,False,True,Descripción de la transacción
213,2023-05-09,Empresa A,India,Otro,376,True,False,Descripción de la transacción
214,2022-01-28,Empresa E,China,Otro,87025,True,True,Descripción de la transacción
215,2022-09-28,Empresa C,India,Patrocinio,895,False,False,Descripción de la transacción
216,2020-01-24,Empresa A,India,Donación,1616,False,False,Descripción de la transacción
217,2020-07-09,Empresa A,India,Regalo,52097,False,True,Descripción de la transacción
218,2021-05-01,Empresa E,Nigeria,Comisión,3775,False,True,Descripción de la transacción
219,2018-07-19,Empresa B,Estados Unidos,Donación,166,True,False,Descripción de la transacción
220,2020-12-13,Empresa C,China,Donación,943,True,True,Descripción de la transacción
221,2023-04-06,Empresa E,India,Patrocinio,749338,False,True,Descripción de la transacción
222,2021-05-30,Empresa D,Rusia,Donación,848,False,False,Descripción de la transacción
223,2019-03-03,Empresa C,India,Otro,9077,True,True,Descripción de la transacción
224,2022-07-02,Empresa E,México,Donación,9926,True,True,Descripción de la transacción
225,2020-11-26,Empresa E,India,Regalo,39592,True,False,Descripción de la transacción
226,2020-11-04,Empresa D,China,Otro,101596,False,False,Descripción de la transacción
227,2022-03-07,Empresa B,Brasil,Donación,319591,True,False,Descripción de la transacción
228,2018-11-25,Empresa E,Nigeria,Otro,9322,True,False,Descripción de la transacción
229,2018-07-23,Empresa A,Nigeria,Otro,618673,False,True,Descripción de la transacción
230,2021-07-05,Empresa D,México,Patrocinio,626,True,False,Descripción de la transacción
231,2023-04-25,Empresa C,Estados Unidos,Donación,483116,False,False,Descripción de la transacción
232,2019-05-30,Empresa A,China,Comisión,371,True,True,Descripción de la transacción
233,2018-05-28,Empresa C,México,Comisión,800430,True,True,Descripción de la transacción
234,2018-04-01,Empresa A,Nigeria,Comisión,865,False,True,Descripción de la transacción
235,2018-07-15,Empresa B,Estados Unidos,Donación,435,True,True,Descripción de la transacción
236,2022-06-12,Empresa A,Nigeria,Patrocinio,119563,False,True,Descripción de la transacción
237,2022-05-03,Empresa A,Rusia,Otro,915042,True,True,Descripción de la transacción
238,2023-03-02,Empresa A,Nigeria,Donación,781,False,False,Descripción de la transacción
239,2023-07-03,Empresa D,Rusia,Donación,7846,True,False,Descripción de la transacción
240,2020-05-28,Empresa A,Rusia,Regalo,176023,True,True,Descripción de la transacción
241,2021-02-26,Empresa B,India,Comisión,621767,True,True,Descripción de la transacción
242,2020-08-02,Empresa A,China,Otro,4164,False,True,Descripción de la transacción
243,2021-03-18,Empresa E,Estados Unidos,Comisión,994937,True,False,Descripción de la transacción
244,2018-12-01,Empresa E,Estados Unidos,Patrocinio,6524,True,True,Descripción de la transacción
245,2020-09-25,Empresa A,China,Regalo,2577,False,True,Descripción de la transacción
246,2021-02-07,Empresa D,India,Donación,525683,False,False,Descripción de la transacción
247,2019-08-03,Empresa E,México,Donación,883,False,False,Descripción de la transacción
248,2018-08-05,Empresa A,México,Patrocinio,826544,True,False,Descripción de la transacción
249,2018-05-19,Empresa D,India,Otro,72444,False,False,Descripción de la transacción
250,2019-06-27,Empresa E,India,Comisión,102688,False,False,Descripción de la transacción
251,2023-03-05,Empresa E,India,Donación,654,False,True,Descripción de la transacción
252,2020-07-09,Empresa C,México,Otro,663,False,False,Descripción de la transacción
253,2023-08-03,Empresa C,Rusia,Comisión,738705,False,True,Descripción de la transacción
254,2019-08-19,Empresa D,Nigeria,Donación,228,True,True,Descripción de la transacción
255,2021-10-13,Empresa D,Nigeria,Patrocinio,55173,True,False,Descripción de la transacción
256,2023-05-19,Empresa E,México,Patrocinio,5515,False,False,Descripción de la transacción
257,2023-02-18,Empresa D,China,Regalo,255869,False,False,Descripción de la transacción
258,2018-08-30,Empresa B,China,Comisión,349234,True,True,Descripción de la transacción
259,2020-05-14,Empresa A,México,Regalo,858,True,False,Descripción de la transacción
260,2018-03-29,Empresa A,Nigeria,Patrocinio,3976,False,False,Descripción de la transacción
261,2021-07-10,Empresa E,Nigeria,Patrocinio,59801,True,True,Descripción de la transacción
262,2019-07-06,Empresa B,Estados Unidos,Patrocinio,8103,True,True,Descripción de la transacción
263,2018-07-08,Empresa A,Brasil,Patrocinio,925918,False,True,Descripción de la transacción
264,2021-08-31,Empresa E,Rusia,Otro,64957,False,True,Descripción de la transacción
265,2021-08-21,Empresa E,Rusia,Otro,987,True,True,Descripción de la transacción
266,2018-01-13,Empresa E,Nigeria,Regalo,266,True,False,Descripción de la transacción
267,2021-09-13,Empresa A,México,Comisión,973122,False,False,Descripción de la transacción
268,2019-07-07,Empresa C,India,Comisión,677450,False,True,Descripción de la transacción
269,2023-06-14,Empresa C,China,Otro,470,True,True,Descripción de la transacción
270,2020-03-13,Empresa A,India,Comisión,49627,False,True,Descripción de la transacción
271,2022-12-31,Empresa C,India,Regalo,1976,False,False,Descripción de la transacción
272,2020-12-06,Empresa D,Estados Unidos,Patrocinio,36207,True,False,Descripción de la transacción
273,2020-07-02,Empresa D,Rusia,Comisión,68894,False,True,Descripción de la transacción
274,2019-08-18,Empresa D,México,Regalo,5475,False,True,Descripción de la transacción
275,2019-10-24,Empresa E,India,Regalo,905,False,False,Descripción de la transacción
276,2020-04-04,Empresa E,Nigeria,Otro,25056,False,False,Descripción de la transacción
277,2018-06-22,Empresa C,Rusia,Otro,697,False,False,Descripción de la transacción
278,2020-05-04,Empresa C,India,Otro,83253,True,True,Descripción de la transacción
279,2023-09-05,Empresa C,Estados Unidos,Otro,7376,False,True,Descripción de la transacción
280,2022-10-12,Empresa B,China,Regalo,554,True,False,Descripción de la transacción
281,2019-06-07,Empresa A,India,Patrocinio,903,False,False,Descripción de la transacción
282,2023-12-15,Empresa A,Brasil,Otro,101351,False,False,Descripción de la transacción
283,2022-05-19,Empresa E,Estados Unidos,Patrocinio,55507,False,False,Descripción de la transacción
284,2019-11-15,Empresa D,India,Regalo,382,True,True,Descripción de la transacción
285,2022-09-26,Empresa C,Nigeria,Comisión,55677,True,False,Descripción de la transacción
286,2022-03-02,Empresa C,Brasil,Comisión,65575,True,True,Descripción de la transacción
287,2018-04-02,Empresa B,México,Regalo,636065,False,False,Descripción de la transacción
288,2022-03-24,Empresa A,Nigeria,Regalo,345658,False,False,Descripción de la transacción
289,2022-07-10,Empresa A,India,Regalo,461,False,True,Descripción de la transacción
290,2022-05-04,Empresa B,Brasil,Comisión,131,False,True,Descripción de la transacción
291,2018-06-12,Empresa D,Rusia,Donación,74298,False,False,Descripción de la transacción
292,2022-06-07,Empresa C,Nigeria,Comisión,60624,False,False,Descripción de la transacción
293,2022-05-22,Empresa C,Rusia,Comisión,214,True,True,Descripción de la transacción
294,2023-09-05,Empresa A,México,Donación,479556,True,False,Descripción de la transacción
295,2018-02-15,Empresa E,Nigeria,Comisión,767484,False,True,Descripción de la transacción
296,2023-11-15,Empresa B,México,Patrocinio,2960,True,True,Descripción de la transacción
297,2020-06-13,Empresa A,Nigeria,Comisión,412,True,True,Descripción de la transacción
298,2019-06-06,Empresa A,México,Comisión,2349,True,False,Descripción de la transacción
299,2021-06-13,Empresa D,Rusia,Regalo,879,True,True,Descripción de la transacción
300,2021-08-10,Empresa E,Estados Unidos,Donación,136,False,True,Descripción de la transacción
301,2018-06-12,Empresa B,India,Regalo,803499,False,False,Descripción de la transacción
302,2018-04-06,Empresa E,Nigeria,Comisión,6811,False,False,Descripción de la transacción
303,2019-08-31,Empresa C,Rusia,Otro,9135,True,True,Descripción de la transacción
304,2018-09-07,Empresa E,México,Donación,186381,True,False,Descripción de la transacción
305,2020-04-03,Empresa E,Nigeria,Otro,41742,True,True,Descripción de la transacción
306,2019-11-08,Empresa C,Rusia,Donación,647,False,True,Descripción de la transacción
307,2022-08-20,Empresa E,México,Comisión,45482,False,False,Descripción de la transacción
308,2018-03-30,Empresa C,Brasil,Patrocinio,5637,False,True,Descripción de la transacción
309,2023-11-15,Empresa D,China,Patrocinio,172,True,False,Descripción de la transacción
310,2022-11-07,Empresa D,China,Comisión,426082,True,True,Descripción de la transacción
311,2023-12-13,Empresa C,Brasil,Regalo,892906,True,True,Descripción de la transacción
312,2020-11-03,Empresa B,Rusia,Regalo,865049,False,True,Descripción de la transacción
313,2023-01-25,Empresa A,Estados Unidos,Regalo,76996,True,False,Descripción de la transacción
314,2021-05-04,Empresa A,China,Otro,3076,False,True,Descripción de la transacción
315,2020-01-19,Empresa E,México,Regalo,159652,False,True,Descripción de la transacción
316,2021-07-19,Empresa A,México,Regalo,11493,False,False,Descripción de la transacción
317,2021-02-01,Empresa C,México,Donación,22280,True,False,Descripción de la transacción
318,2023-03-27,Empresa A,Brasil,Regalo,464,True,False,Descripción de la transacción
319,2020-02-06,Empresa B,India,Otro,191,False,False,Descripción de la transacción
320,2018-03-18,Empresa A,Brasil,Regalo,553879,False,False,Descripción de la transacción
321,2023-06-15,Empresa E,India,Regalo,660,True,True,Descripción de la transacción
322,2019-09-12,Empresa E,China,Otro,884,False,True,Descripción de la transacción
323,2021-11-11,Empresa D,Nigeria,Comisión,29834,True,True,Descripción de la transacción
324,2022-10-03,Empresa D,Rusia,Comisión,1928,False,False,Descripción de la transacción
325,2020-07-31,Empresa B,Brasil,Patrocinio,649,False,False,Descripción de la transacción
326,2018-04-13,Empresa B,Brasil,Otro,7673,False,True,Descripción de la transacción
327,2018-07-05,Empresa A,Brasil,Donación,92572,True,True,Descripción de la transacción
328,2019-02-04,Empresa E,Nigeria,Patrocinio,7838,False,False,Descripción de la transacción
329,2022-11-06,Empresa A,China,Donación,40776,False,True,Descripción de la transacción
330,2019-11-02,Empresa A,Estados Unidos,Donación,861,False,True,Descripción de la transacción
331,2019-06-06,Empresa D,Estados Unidos,Regalo,702276,False,False,Descripción de la transacción
332,2022-10-04,Empresa D,Rusia,Regalo,346,False,True,Descripción de la transacción
333,2019-07-21,Empresa D,China,Comisión,6030,False,True,Descripción de la transacción
334,2023-09-24,Empresa A,India,Patrocinio,55275,True,False,Descripción de la transacción
335,2018-05-17,Empresa E,China,Otro,1252,False,False,Descripción de la transacción
336,2018-06-10,Empresa D,Brasil,Donación,506452,True,False,Descripción de la transacción
337,2022-10-26,Empresa B,México,Donación,257621,False,False,Descripción de la transacción
338,2018-02-10,Empresa B,India,Otro,463,True,False,Descripción de la transacción
339,2021-08-25,Empresa E,Nigeria,Otro,80755,True,False,Descripción de la transacción
340,2021-05-19,Empresa E,Estados Unidos,Regalo,858,False,True,Descripción de la transacción
341,2023-11-26,Empresa A,India,Donación,59244,True,False,Descripción de la transacción
342,2022-02-12,Empresa D,Nigeria,Otro,973,False,False,Descripción de la transacción
343,2023-01-13,Empresa D,Brasil,Otro,987464,False,False,Descripción de la transacción
344,2022-11-22,Empresa C,Nigeria,Patrocinio,2396,False,True,Descripción de la transacción
345,2022-08-14,Empresa C,China,Patrocinio,4118,False,True,Descripción de la transacción
346,2022-01-06,Empresa E,Brasil,Otro,3209,False,False,Descripción de la transacción
347,2022-09-12,Empresa B,China,Otro,594983,False,False,Descripción de la transacción
348,2021-10-19,Empresa D,Brasil,Patrocinio,331,False,False,Descripción de la transacción
349,2023-07-20,Empresa C,Nigeria,Regalo,684174,False,True,Descripción de la transacción
350,2019-05-04,Empresa E,India,Patrocinio,8095,True,True,Descripción de la transacción
351,2021-10-22,Empresa D,China,Otro,934878,False,False,Descripción de la transacción
352,2023-06-29,Empresa E,China,Donación,653,True,True,Descripción de la transacción
353,2023-05-12,Empresa D,Nigeria,Regalo,335231,False,True,Descripción de la transacción
354,2022-04-06,Empresa E,México,Regalo,32356,True,True,Descripción de la transacción
355,2020-07-25,Empresa B,Nigeria,Regalo,265,False,True,Descripción de la transacción
356,2019-07-07,Empresa E,China,Donación,45752,False,False,Descripción de la transacción
357,2019-04-25,Empresa C,Nigeria,Regalo,470,False,False,Descripción de la transacción
358,2021-10-12,Empresa E,Brasil,Regalo,4553,True,False,Descripción de la transacción
359,2018-03-12,Empresa A,Estados Unidos,Comisión,95182,True,True,Descripción de la transacción
360,2018-08-27,Empresa A,China,Patrocinio,215228,False,False,Descripción de la transacción
361,2023-06-04,Empresa B,India,Regalo,15833,False,False,Descripción de la transacción
362,2020-08-23,Empresa A,China,Otro,527,True,True,Descripción de la transacción
363,2018-06-11,Empresa E,Estados Unidos,Comisión,8604,True,True,Descripción de la transacción
364,2019-04-20,Empresa A,India,Regalo,125877,False,True,Descripción de la transacción
365,2022-08-11,Empresa C,Nigeria,Comisión,288,False,True,Descripción de la transacción
366,2019-10-23,Empresa D,México,Otro,3067,False,False,Descripción de la transacción
367,2021-05-12,Empresa B,México,Patrocinio,7997,False,True,Descripción de la transacción
368,2019-10-01,Empresa B,India,Regalo,36415,False,False,Descripción de la transacción
369,2019-06-08,Empresa D,Rusia,Comisión,83902,False,True,Descripción de la transacción
370,2022-10-08,Empresa D,México,Regalo,99142,True,False,Descripción de la transacción
371,2018-10-15,Empresa C,China,Patrocinio,1775,True,True,Descripción de la transacción
372,2018-05-22,Empresa C,China,Donación,65504,True,True,Descripción de la transacción
373,2020-03-07,Empresa B,Brasil,Regalo,35940,True,True,Descripción de la transacción
374,2021-03-21,Empresa C,China,Patrocinio,535,True,True,Descripción de la transacción
375,2018-05-12,Empresa C,Nigeria,Patrocinio,368560,False,False,Descripción de la transacción
376,2020-07-30,Empresa E,Nigeria,Comisión,17863,True,True,Descripción de la transacción
377,2021-02-06,Empresa B,Estados Unidos,Comisión,146,False,False,Descripción de la transacción
378,2021-05-04,Empresa B,México,Comisión,2330,True,False,Descripción de la transacción
379,2018-08-21,Empresa C,México,Regalo,71160,False,True,Descripción de la transacción
380,2020-07-06,Empresa A,Nigeria,Otro,361287,True,True,Descripción de la transacción
381,2022-05-03,Empresa B,Brasil,Comisión,970457,True,False,Descripción de la transacción
382,2021-03-17,Empresa B,Brasil,Donación,5887,True,False,Descripción de la transacción
383,2021-12-16,Empresa A,Estados Unidos,Donación,9125,False,True,Descripción de la transacción
384,2020-04-22,Empresa C,India,Comisión,921455,False,False,Descripción de la transacción
385,2021-03-31,Empresa E,Brasil,Donación,972968,False,False,Descripción de la transacción
386,2018-10-23,Empresa E,India,Regalo,5602,False,False,Descripción de la transacción
387,2018-10-21,Empresa E,Brasil,Patrocinio,921,False,False,Descripción de la transacción
388,2022-02-17,Empresa C,Rusia,Donación,15252,False,False,Descripción de la transacción
389,2021-09-05,Empresa D,Rusia,Otro,242496,True,True,Descripción de la transacción
390,2022-02-13,Empresa A,México,Donación,256,False,False,Descripción de la transacción
391,2018-11-27,Empresa A,India,Comisión,4488,True,False,Descripción de la transacción
392,2018-07-08,Empresa A,Estados Unidos,Otro,609275,True,False,Descripción de la transacción
393,2023-08-29,Empresa C,Brasil,Patrocinio,630,True,True,Descripción de la transacción
394,2023-12-13,Empresa C,China,Otro,1470,True,True,Descripción de la transacción
395,2022-11-01,Empresa A,Rusia,Patrocinio,872,False,False,Descripción de la transacción
396,2021-11-07,Empresa A,Brasil,Otro,103,False,False,Descripción de la transacción
397,2019-12-21,Empresa B,Rusia,Comisión,911767,True,True,Descripción de la transacción
398,2018-03-21,Empresa A,Rusia,Otro,3431,True,False,Descripción de la transacción
399,2019-02-07,Empresa B,México,Donación,6135,True,True,Descripción de la transacción
400,2023-06-02,Empresa D,Rusia,Regalo,85004,False,True,Descripción de la transacción
401,2019-10-26,Empresa D,Estados Unidos,Comisión,2158,True,False,Descripción de la transacción
402,2021-11-15,Empresa C,Estados Unidos,Donación,7909,False,True,Descripción de la transacción
403,2023-04-17,Empresa C,México,Donación,77459,False,True,Descripción de la transacción
404,2020-08-25,Empresa C,Nigeria,Otro,22011,False,False,Descripción de la transacción
405,2018-01-13,Empresa B,Nigeria,Donación,629,True,True,Descripción de la transacción
406,2021-12-29,Empresa E,México,Donación,435225,True,False,Descripción de la transacción
407,2021-12-05,Empresa E,Brasil,Patrocinio,884,False,False,Descripción de la transacción
408,2018-02-10,Empresa E,Nigeria,Donación,609202,False,False,Descripción de la transacción
409,2019-06-03,Empresa A,Nigeria,Comisión,914,True,True,Descripción de la transacción
410,2021-05-24,Empresa D,Estados Unidos,Otro,1416,False,False,Descripción de la transacción
411,2021-07-19,Empresa A,Estados Unidos,Patrocinio,660474,False,True,Descripción de la transacción
412,2022-03-16,Empresa C,Rusia,Comisión,99403,True,True,Descripción de la transacción
413,2022-04-06,Empresa C,México,Patrocinio,91822,True,True,Descripción de la transacción
414,2019-06-12,Empresa A,México,Donación,719018,False,False,Descripción de la transacción
415,2018-05-16,Empresa B,Rusia,Otro,787,False,False,Descripción de la transacción
416,2019-10-31,Empresa C,Nigeria,Regalo,77199,True,False,Descripción de la transacción
417,2023-08-15,Empresa D,India,Comisión,8212,False,True,Descripción de la transacción
418,2020-05-05,Empresa B,Brasil,Patrocinio,950,False,True,Descripción de la transacción
419,2018-12-02,Empresa C,Rusia,Patrocinio,210583,True,True,Descripción de la transacción
420,2019-10-24,Empresa E,India,Patrocinio,5291,False,True,Descripción de la transacción
421,2021-09-07,Empresa C,India,Donación,6548,True,False,Descripción de la transacción
422,2023-10-18,Empresa E,Brasil,Comisión,735880,False,True,Descripción de la transacción
423,2020-03-12,Empresa B,Brasil,Patrocinio,53510,True,True,Descripción de la transacción
424,2022-01-24,Empresa A,Nigeria,Donación,5856,False,False,Descripción de la transacción
425,2023-06-20,Empresa B,Nigeria,Patrocinio,8463,True,False,Descripción de la transacción
426,2021-06-11,Empresa B,Estados Unidos,Patrocinio,354,True,False,Descripción de la transacción
427,2019-04-01,Empresa C,Nigeria,Regalo,743,True,False,Descripción de la transacción
428,2022-01-31,Empresa C,Nigeria,Comisión,835674,True,True,Descripción de la transacción
429,2019-06-26,Empresa D,India,Patrocinio,18016,True,False,Descripción de la transacción
430,2020-11-23,Empresa A,India,Regalo,632,False,False,Descripción de la transacción
431,2021-11-05,Empresa E,Estados Unidos,Comisión,409476,True,True,Descripción de la transacción
432,2019-07-26,Empresa A,Rusia,Comisión,8740,True,False,Descripción de la transacción
433,2022-01-07,Empresa C,India,Donación,27823,False,False,Descripción de la transacción
434,2023-11-12,Empresa D,Nigeria,Otro,818,True,False,Descripción de la transacción
435,2018-07-28,Empresa D,Nigeria,Donación,949362,False,False,Descripción de la transacción
436,2023-07-23,Empresa A,Rusia,Comisión,39877,False,True,Descripción de la transacción
437,2021-03-01,Empresa D,Brasil,Donación,387746,False,True,Descripción de la transacción
438,2021-07-08,Empresa D,Rusia,Donación,182,False,True,Descripción de la transacción
439,2019-04-11,Empresa B,India,Otro,351,False,True,Descripción de la transacción
440,2022-02-22,Empresa D,Estados Unidos,Otro,2102,False,False,Descripción de la transacción
441,2021-10-07,Empresa D,Brasil,Otro,9039,True,True,Descripción de la transacción
442,2022-03-05,Empresa B,Nigeria,Patrocinio,38236,True,True,Descripción de la transacción
443,2023-12-03,Empresa A,China,Otro,8503,False,True,Descripción de la transacción
444,2019-12-29,Empresa D,Estados Unidos,Patrocinio,538,True,False,Descripción de la transacción
445,2022-10-20,Empresa A,India,Donación,456433,True,False,Descripción de la transacción
446,2021-08-17,Empresa A,Nigeria,Donación,634484,False,False,Descripción de la transacción
447,2023-08-22,Empresa C,India,Otro,89865,True,False,Descripción de la transacción
448,2022-05-27,Empresa C,Nigeria,Regalo,59828,True,False,Descripción de la transacción
449,2023-09-05,Empresa B,Brasil,Donación,273871,True,True,Descripción de la transacción
450,2019-02-18,Empresa C,China,Comisión,4316,True,True,Descripción de la transacción
451,2019-02-09,Empresa E,India,Patrocinio,938,True,True,Descripción de la transacción
452,2020-06-01,Empresa E,Nigeria,Comisión,22953,False,True,Descripción de la transacción
453,2021-06-01,Empresa B,India,Comisión,890265,True,False,Descripción de la transacción
454,2021-12-08,Empresa C,Brasil,Comisión,1263,True,True,Descripción de la transacción
455,2018-03-01,Empresa C,Rusia,Otro,102,True,True,Descripción de la transacción
456,2021-08-10,Empresa B,Rusia,Otro,155249,False,False,Descripción de la transacción
457,2018-07-13,Empresa D,China,Comisión,460052,False,True,Descripción de la transacción
458,2019-10-26,Empresa C,Brasil,Otro,24948,False,True,Descripción de la transacción
459,2021-08-31,Empresa A,México,Donación,352,False,True,Descripción de la transacción
460,2022-07-07,Empresa E,México,Donación,6861,True,True,Descripción de la transacción
461,2020-08-07,Empresa D,China,Regalo,138992,True,True,Descripción de la transacción
462,2019-09-27,Empresa C,Estados Unidos,Regalo,628095,False,False,Descripción de la transacción
463,2023-09-08,Empresa E,Rusia,Regalo,7463,False,True,Descripción de la transacción
464,2019-04-08,Empresa B,Estados Unidos,Donación,49241,False,False,Descripción de la transacción
465,2021-03-09,Empresa A,China,Regalo,463,False,True,Descripción de la transacción
466,2020-07-16,Empresa A,China,Comisión,713254,False,True,Descripción de la transacción
467,2020-02-21,Empresa D,Rusia,Regalo,29109,True,False,Descripción de la transacción
468,2022-10-20,Empresa A,Nigeria,Patrocinio,358,False,False,Descripción de la transacción
469,2023-12-17,Empresa C,México,Otro,73856,True,True,Descripción de la transacción
470,2020-07-07,Empresa B,Rusia,Patrocinio,199590,True,False,Descripción de la transacción
471,2018-06-02,Empresa C,Estados Unidos,Donación,9812,True,True,Descripción de la transacción
472,2020-04-16,Empresa C,Estados Unidos,Patrocinio,4101,True,False,Descripción de la transacción
473,2018-06-21,Empresa B,Nigeria,Donación,32160,False,False,Descripción de la transacción
474,2021-12-05,Empresa A,Rusia,Donación,792,True,False,Descripción de la transacción
475,2021-07-24,Empresa C,Brasil,Donación,1736,True,True,Descripción de la transacción
476,2020-05-28,Empresa D,Brasil,Donación,2938,False,False,Descripción de la transacción
477,2023-04-08,Empresa B,India,Patrocinio,5863,False,False,Descripción de la transacción
478,2021-12-20,Empresa D,China,Patrocinio,801636,False,False,Descripción de la transacción
479,2020-06-01,Empresa C,Brasil,Otro,480,True,False,Descripción de la transacción
480,2023-10-30,Empresa D,Estados Unidos,Comisión,6330,True,True,Descripción de la transacción
481,2021-10-25,Empresa A,Nigeria,Comisión,971302,True,False,Descripción de la transacción
482,2023-08-28,Empresa A,China,Patrocinio,6629,True,False,Descripción de la transacción
483,2023-12-06,Empresa D,Brasil,Otro,1688,True,False,Descripción de la transacción
484,2020-10-12,Empresa D,Brasil,Regalo,793,True,True,Descripción de la transacción
485,2023-04-12,Empresa E,China,Otro,42896,False,False,Descripción de la transacción
486,2023-11-28,Empresa B,Brasil,Otro,158387,False,True,Descripción de la transacción
487,2021-05-29,Empresa E,Rusia,Patrocinio,720982,False,False,Descripción de la transacción
488,2021-06-11,Empresa B,Brasil,Otro,697,False,True,Descripción de la transacción
489,2018-08-10,Empresa E,México,Regalo,82079,True,False,Descripción de la transacción
490,2020-06-08,Empresa C,Estados Unidos,Regalo,4940,True,True,Descripción de la transacción
491,2022-10-17,Empresa C,Rusia,Donación,217,True,True,Descripción de la transacción
492,2020-02-11,Empresa E,China,Comisión,3068,False,False,Descripción de la transacción
493,2020-09-21,Empresa A,Brasil,Donación,907712,True,True,Descripción de la transacción
494,2023-01-04,Empresa C,China,Otro,1745,False,False,Descripción de la transacción
495,2023-01-30,Empresa D,Estados Unidos,Donación,166,False,True,Descripción de la transacción
496,2021-01-24,Empresa E,México,Patrocinio,51696,False,False,Descripción de la transacción
497,2019-08-26,Empresa E,Nigeria,Patrocinio,86153,True,False,Descripción de la transacción
498,2022-11-02,Empresa A,India,Otro,8387,True,True,Descripción de la transacción
499,2019-09-07,Empresa E,India,Otro,686351,False,False,Descripción de la transacción
500,2021-10-26,Empresa E,India,Otro,78911,False,False,Descripción de la transacción
501,2018-10-22,Empresa D,Rusia,Comisión,6470,True,False,Descripción de la transacción
502,2021-03-30,Empresa D,México,Patrocinio,817114,True,True,Descripción de la transacción
503,2023-01-12,Empresa A,Rusia,Patrocinio,10247,False,False,Descripción de la transacción
504,2023-10-18,Empresa C,Nigeria,Regalo,168903,False,True,Descripción de la transacción
505,2023-03-16,Empresa B,China,Donación,4108,True,False,Descripción de la transacción
506,2021-03-13,Empresa A,India,Patrocinio,325,True,True,Descripción de la transacción
507,2021-07-06,Empresa E,México,Comisión,8444,True,False,Descripción de la transacción
508,2020-08-14,Empresa C,China,Patrocinio,39895,True,True,Descripción de la transacción
509,2023-12-27,Empresa C,México,Patrocinio,9741,True,True,Descripción de la transacción
510,2021-09-19,Empresa D,Brasil,Otro,100,True,True,Descripción de la transacción
511,2022-05-09,Empresa C,Nigeria,Donación,9208,False,False,Descripción de la transacción
512,2023-08-14,Empresa C,Nigeria,Donación,86333,False,False,Descripción de la transacción
513,2022-12-02,Empresa E,India,Comisión,81544,True,False,Descripción de la transacción
514,2018-07-21,Empresa B,India,Donación,688,False,False,Descripción de la transacción
515,2021-10-25,Empresa E,Estados Unidos,Comisión,42588,True,False,Descripción de la transacción
516,2018-01-30,Empresa A,Estados Unidos,Donación,367351,True,False,Descripción de la transacción
517,2023-06-09,Empresa A,Estados Unidos,Otro,6202,False,False,Descripción de la transacción
518,2018-02-14,Empresa B,Rusia,Donación,1982,True,True,Descripción de la transacción
519,2021-01-06,Empresa C,Nigeria,Regalo,29489,False,True,Descripción de la transacción
520,2018-10-22,Empresa A,Brasil,Otro,655,False,False,Descripción de la transacción
521,2020-01-13,Empresa C,India,Comisión,590,False,True,Descripción de la transacción
522,2022-11-25,Empresa B,Estados Unidos,Otro,558857,True,True,Descripción de la transacción
523,2018-11-18,Empresa A,Rusia,Regalo,7794,False,True,Descripción de la transacción
524,2018-02-02,Empresa B,India,Regalo,170351,True,False,Descripción de la transacción
525,2020-08-01,Empresa B,Nigeria,Regalo,726,False,True,Descripción de la transacción
526,2019-05-08,Empresa B,Estados Unidos,Regalo,9927,True,True,Descripción de la transacción
527,2018-08-05,Empresa B,México,Donación,579229,False,True,Descripción de la transacción
528,2021-10-14,Empresa C,Brasil,Donación,8567,False,False,Descripción de la transacción
529,2018-07-24,Empresa E,Brasil,Regalo,121,False,True,Descripción de la transacción
530,2020-05-06,Empresa C,Brasil,Regalo,790362,True,False,Descripción de la transacción
531,2020-04-14,Empresa E,Nigeria,Patrocinio,3409,False,False,Descripción de la transacción
532,2021-01-02,Empresa C,Estados Unidos,Patrocinio,8417,True,False,Descripción de la transacción
533,2019-09-11,Empresa E,Nigeria,Comisión,3104,True,False,Descripción de la transacción
534,2019-05-07,Empresa C,India,Comisión,1568,False,False,Descripción de la transacción
535,2023-03-17,Empresa E,Estados Unidos,Comisión,5573,True,False,Descripción de la transacción
536,2020-04-06,Empresa C,Rusia,Patrocinio,293993,True,True,Descripción de la transacción
537,2023-09-23,Empresa D,Brasil,Comisión,62002,False,True,Descripción de la transacción
538,2019-10-02,Empresa C,México,Regalo,94849,False,False,Descripción de la transacción
539,2018-08-09,Empresa D,China,Otro,749,False,True,Descripción de la transacción
540,2021-04-24,Empresa A,México,Otro,424,True,False,Descripción de la transacción
541,2023-08-07,Empresa A,India,Donación,9795,True,True,Descripción de la transacción
542,2019-03-10,Empresa E,Nigeria,Regalo,9418,False,True,Descripción de la transacción
543,2021-07-24,Empresa C,Estados Unidos,Otro,78166,True,True,Descripción de la transacción
544,2018-03-22,Empresa D,Nigeria,Patrocinio,945584,False,False,Descripción de la transacción
545,2020-04-19,Empresa E,Nigeria,Patrocinio,188980,True,True,Descripción de la transacción
546,2022-06-30,Empresa E,India,Otro,74532,True,True,Descripción de la transacción
547,2021-11-29,Empresa C,Rusia,Donación,191,False,True,Descripción de la transacción
548,2020-01-28,Empresa D,Brasil,Otro,901493,False,False,Descripción de la transacción
549,2023-01-16,Empresa E,Brasil,Comisión,44205,False,True,Descripción de la transacción
550,2022-02-25,Empresa D,Brasil,Comisión,90959,False,True,Descripción de la transacción
551,2019-11-17,Empresa D,Estados Unidos,Comisión,3254,True,False,Descripción de la transacción
552,2023-05-22,Empresa B,China,Comisión,18160,False,True,Descripción de la transacción
553,2021-03-01,Empresa E,Estados Unidos,Regalo,128906,True,False,Descripción de la transacción
554,2021-09-09,Empresa B,Rusia,Otro,24322,False,False,Descripción de la transacción
555,2022-11-01,Empresa B,China,Otro,60607,True,True,Descripción de la transacción
556,2022-01-13,Empresa B,Nigeria,Donación,3565,True,False,Descripción de la transacción
557,2020-12-05,Empresa A,Nigeria,Donación,993,False,False,Descripción de la transacción
558,2018-01-26,Empresa B,Rusia,Regalo,1018,True,False,Descripción de la transacción
559,2023-05-13,Empresa A,México,Comisión,414997,False,True,Descripción de la transacción
560,2023-09-12,Empresa C,India,Donación,51148,False,True,Descripción de la transacción
561,2022-08-24,Empresa E,México,Otro,33323,False,True,Descripción de la transacción
562,2023-11-19,Empresa C,India,Comisión,193265,False,False,Descripción de la transacción
563,2018-01-07,Empresa A,China,Regalo,74828,True,True,Descripción de la transacción
564,2019-04-04,Empresa D,China,Patrocinio,297918,True,True,Descripción de la transacción
565,2019-03-02,Empresa A,Brasil,Patrocinio,81949,True,False,Descripción de la transacción
566,2020-07-12,Empresa C,Estados Unidos,Regalo,50634,True,False,Descripción de la transacción
567,2023-05-20,Empresa D,Estados Unidos,Patrocinio,58897,False,True,Descripción de la transacción
568,2018-11-03,Empresa B,Nigeria,Donación,299709,True,True,Descripción de la transacción
569,2020-09-27,Empresa A,México,Donación,753284,False,False,Descripción de la transacción
570,2018-06-18,Empresa D,India,Donación,2659,False,False,Descripción de la transacción
571,2019-10-20,Empresa B,China,Regalo,94447,False,False,Descripción de la transacción
572,2020-04-09,Empresa E,Rusia,Patrocinio,268212,False,True,Descripción de la transacción
573,2018-04-12,Empresa D,Rusia,Patrocinio,45768,False,True,Descripción de la transacción
574,2022-10-06,Empresa C,Brasil,Donación,915185,False,False,Descripción de la transacción
575,2022-10-06,Empresa D,Brasil,Donación,769,True,True,Descripción de la transacción
576,2022-04-28,Empresa B,China,Patrocinio,274665,True,False,Descripción de la transacción
577,2018-04-14,Empresa C,Rusia,Otro,441642,False,False,Descripción de la transacción
578,2022-02-06,Empresa E,Estados Unidos,Donación,72967,True,True,Descripción de la transacción
579,2023-01-05,Empresa E,México,Donación,920,False,False,Descripción de la transacción
580,2020-09-11,Empresa E,Nigeria,Regalo,6239,True,True,Descripción de la transacción
581,2021-03-08,Empresa C,Estados Unidos,Donación,564,True,True,Descripción de la transacción
582,2020-09-28,Empresa D,Nigeria,Regalo,28863,False,True,Descripción de la transacción
583,2021-10-11,Empresa E,China,Comisión,3155,False,True,Descripción de la transacción
584,2018-04-21,Empresa A,China,Regalo,37841,False,False,Descripción de la transacción
585,2018-01-02,Empresa B,Rusia,Patrocinio,457,True,False,Descripción de la transacción
586,2020-01-25,Empresa D,Brasil,Donación,439,False,True,Descripción de la transacción
587,2019-06-08,Empresa A,Estados Unidos,Regalo,706964,True,True,Descripción de la transacción
588,2020-07-13,Empresa C,Brasil,Otro,559,False,True,Descripción de la transacción
589,2019-08-30,Empresa C,México,Otro,890906,False,True,Descripción de la transacción
590,2023-11-02,Empresa C,Nigeria,Comisión,419,False,True,Descripción de la transacción
591,2018-11-15,Empresa C,México,Donación,221,False,True,Descripción de la transacción
592,2023-12-29,Empresa B,Nigeria,Regalo,6679,False,True,Descripción de la transacción
593,2020-03-14,Empresa E,Estados Unidos,Donación,2259,True,True,Descripción de la transacción
594,2019-10-06,Empresa C,India,Donación,80248,True,False,Descripción de la transacción
595,2019-08-27,Empresa B,Estados Unidos,Comisión,2106,False,False,Descripción de la transacción
596,2020-11-10,Empresa B,Brasil,Donación,509,False,True,Descripción de la transacción
597,2022-09-11,Empresa A,México,Comisión,27133,True,True,Descripción de la transacción
598,2021-10-18,Empresa D,Estados Unidos,Regalo,5558,True,True,Descripción de la transacción
599,2020-02-29,Empresa C,Nigeria,Regalo,70840,False,False,Descripción de la transacción
600,2019-01-22,Empresa D,China,Otro,892388,False,True,Descripción de la transacción
601,2021-06-26,Empresa C,México,Patrocinio,188092,False,True,Descripción de la transacción
602,2023-02-22,Empresa D,Brasil,Patrocinio,410,True,False,Descripción de la transacción
603,2021-10-31,Empresa E,Estados Unidos,Patrocinio,492903,False,True,Descripción de la transacción
604,2020-03-25,Empresa A,Rusia,Regalo,819629,False,False,Descripción de la transacción
605,2018-05-26,Empresa B,México,Otro,89641,True,True,Descripción de la transacción
606,2021-08-22,Empresa E,China,Patrocinio,952550,False,True,Descripción de la transacción
607,2021-03-20,Empresa A,México,Otro,273581,False,False,Descripción de la transacción
608,2023-12-08,Empresa A,Rusia,Otro,7553,True,True,Descripción de la transacción
609,2023-10-09,Empresa B,México,Otro,776,False,True,Descripción de la transacción
610,2023-11-17,Empresa C,China,Patrocinio,703749,False,True,Descripción de la transacción
611,2019-12-27,Empresa D,México,Patrocinio,547301,False,False,Descripción de la transacción
612,2020-08-09,Empresa A,Rusia,Patrocinio,34518,False,True,Descripción de la transacción
613,2020-03-07,Empresa C,Brasil,Otro,237533,False,True,Descripción de la transacción
614,2018-07-15,Empresa B,Brasil,Donación,71806,False,True,Descripción de la transacción
615,2019-10-04,Empresa A,México,Comisión,420,False,True,Descripción de la transacción
616,2019-11-12,Empresa E,China,Otro,610,True,False,Descripción de la transacción
617,2018-10-20,Empresa B,México,Regalo,202,False,True,Descripción de la transacción
618,2020-11-03,Empresa D,Brasil,Comisión,161565,True,False,Descripción de la transacción
619,2019-07-25,Empresa A,China,Regalo,852211,False,False,Descripción de la transacción
620,2018-12-12,Empresa E,Brasil,Patrocinio,828853,True,False,Descripción de la transacción
621,2023-09-26,Empresa A,Nigeria,Otro,265636,False,False,Descripción de la transacción
622,2018-09-14,Empresa B,India,Otro,9175,False,True,Descripción de la transacción
623,2020-08-15,Empresa B,Estados Unidos,Comisión,74973,False,True,Descripción de la transacción
624,2021-05-08,Empresa A,México,Donación,82385,True,True,Descripción de la transacción
625,2021-03-01,Empresa B,Estados Unidos,Otro,455848,False,True,Descripción de la transacción
626,2019-02-15,Empresa A,Brasil,Otro,371,False,True,Descripción de la transacción
627,2021-11-17,Empresa C,Brasil,Donación,266,False,False,Descripción de la transacción
628,2019-05-09,Empresa D,Brasil,Otro,5979,False,False,Descripción de la transacción
629,2022-03-25,Empresa A,Estados Unidos,Regalo,906687,True,False,Descripción de la transacción
630,2020-01-09,Empresa E,India,Regalo,700002,True,True,Descripción de la transacción
631,2022-02-20,Empresa E,India,Otro,517,True,False,Descripción de la transacción
632,2021-02-18,Empresa C,Estados Unidos,Donación,4466,True,False,Descripción de la transacción
633,2019-04-18,Empresa B,Nigeria,Otro,2810,True,False,Descripción de la transacción
634,2021-11-18,Empresa A,Rusia,Comisión,4589,True,True,Descripción de la transacción
635,2019-01-12,Empresa B,Nigeria,Patrocinio,144,True,True,Descripción de la transacción
636,2018-05-06,Empresa A,China,Comisión,451076,True,False,Descripción de la transacción
637,2021-11-21,Empresa A,Estados Unidos,Otro,946,False,True,Descripción de la transacción
638,2020-04-25,Empresa B,Nigeria,Donación,670500,True,False,Descripción de la transacción
639,2020-06-29,Empresa B,India,Regalo,3826,False,False,Descripción de la transacción
640,2018-09-10,Empresa B,Estados Unidos,Regalo,980,False,False,Descripción de la transacción
641,2022-12-05,Empresa A,Rusia,Comisión,651,False,True,Descripción de la transacción
642,2023-07-28,Empresa E,Rusia,Patrocinio,866333,True,False,Descripción de la transacción
643,2021-11-12,Empresa D,Brasil,Donación,72954,True,True,Descripción de la transacción
644,2018-03-25,Empresa A,India,Donación,550,True,True,Descripción de la transacción
645,2022-07-28,Empresa C,China,Otro,92565,True,True,Descripción de la transacción
646,2023-01-07,Empresa E,Rusia,Otro,906,False,True,Descripción de la transacción
647,2021-08-24,Empresa E,México,Otro,749,False,True,Descripción de la transacción
648,2020-07-24,Empresa B,China,Regalo,616,False,False,Descripción de la transacción
649,2021-10-10,Empresa D,Brasil,Regalo,763066,False,False,Descripción de la transacción
650,2018-01-15,Empresa E,Nigeria,Comisión,9584,False,False,Descripción de la transacción
651,2021-10-16,Empresa A,Nigeria,Regalo,274,False,True,Descripción de la transacción
652,2021-08-05,Empresa B,India,Regalo,890,False,False,Descripción de la transacción
653,2022-05-14,Empresa D,India,Donación,540,True,True,Descripción de la transacción
654,2018-05-21,Empresa E,México,Donación,6891,True,False,Descripción de la transacción
655,2021-06-22,Empresa D,Nigeria,Comisión,264755,False,False,Descripción de la transacción
656,2018-09-17,Empresa A,Brasil,Donación,497,True,True,Descripción de la transacción
657,2019-08-03,Empresa A,Rusia,Otro,390875,True,False,Descripción de la transacción
658,2023-09-09,Empresa E,China,Otro,675331,False,True,Descripción de la transacción
659,2022-06-25,Empresa E,Rusia,Donación,5546,True,False,Descripción de la transacción
660,2023-09-01,Empresa B,Brasil,Otro,59983,False,True,Descripción de la transacción
661,2020-05-04,Empresa E,México,Patrocinio,8112,True,True,Descripción de la transacción
662,2022-03-31,Empresa D,México,Donación,356,True,False,Descripción de la transacción
663,2020-02-27,Empresa E,India,Regalo,580,False,True,Descripción de la transacción
664,2023-08-10,Empresa E,Nigeria,Comisión,6847,False,False,Descripción de la transacción
665,2023-09-09,Empresa C,Nigeria,Regalo,404234,False,True,Descripción de la transacción
666,2019-10-25,Empresa B,Rusia,Patrocinio,57837,False,False,Descripción de la transacción
667,2019-03-11,Empresa A,India,Comisión,603092,True,False,Descripción de la transacción
668,2021-05-20,Empresa B,Rusia,Regalo,69346,True,True,Descripción de la transacción
669,2019-08-08,Empresa C,México,Regalo,986,True,True,Descripción de la transacción
670,2020-10-15,Empresa A,India,Otro,600183,False,False,Descripción de la transacción
671,2023-05-09,Empresa E,Brasil,Otro,873,True,True,Descripción de la transacción
672,2021-08-21,Empresa B,México,Regalo,332,True,False,Descripción de la transacción
673,2022-08-15,Empresa E,Rusia,Donación,2340,True,True,Descripción de la transacción
674,2022-05-05,Empresa B,Nigeria,Donación,4184,True,False,Descripción de la transacción
675,2020-11-12,Empresa A,India,Donación,193858,False,False,Descripción de la transacción
676,2020-04-05,Empresa D,México,Donación,850653,True,False,Descripción de la transacción
677,2022-05-24,Empresa D,Nigeria,Patrocinio,209808,True,True,Descripción de la transacción
678,2020-06-09,Empresa A,Rusia,Comisión,203467,True,True,Descripción de la transacción
679,2021-09-24,Empresa D,Estados Unidos,Regalo,890,False,True,Descripción de la transacción
680,2018-07-29,Empresa D,Estados Unidos,Patrocinio,97112,False,False,Descripción de la transacción
681,2019-07-03,Empresa D,México,Otro,58102,True,False,Descripción de la transacción
682,2022-05-28,Empresa B,Rusia,Donación,303542,True,False,Descripción de la transacción
683,2020-10-18,Empresa C,México,Donación,163,True,False,Descripción de la transacción
684,2018-08-30,Empresa A,México,Comisión,99935,False,True,Descripción de la transacción
685,2019-11-27,Empresa B,Nigeria,Donación,673,False,True,Descripción de la transacción
686,2020-12-31,Empresa C,Rusia,Donación,76414,False,True,Descripción de la transacción
687,2022-04-22,Empresa A,Brasil,Comisión,904,True,False,Descripción de la transacción
688,2023-05-27,Empresa A,Rusia,Regalo,3008,True,True,Descripción de la transacción
689,2019-07-22,Empresa E,China,Comisión,11538,False,False,Descripción de la transacción
690,2022-04-19,Empresa B,Rusia,Otro,6792,False,False,Descripción de la transacción
691,2020-01-21,Empresa E,Estados Unidos,Comisión,991739,True,True,Descripción de la transacción
692,2021-07-13,Empresa E,Nigeria,Regalo,822,True,True,Descripción de la transacción
693,2022-06-21,Empresa B,Estados Unidos,Patrocinio,533,False,True,Descripción de la transacción
694,2018-08-30,Empresa D,Brasil,Comisión,43047,True,True,Descripción de la transacción
695,2021-12-07,Empresa A,México,Otro,8196,False,True,Descripción de la transacción
696,2018-09-15,Empresa E,India,Regalo,33975,True,True,Descripción de la transacción
697,2019-09-18,Empresa D,México,Donación,78304,False,False,Descripción de la transacción
698,2018-07-29,Empresa C,Estados Unidos,Patrocinio,7113,False,False,Descripción de la transacción
699,2018-08-07,Empresa B,México,Comisión,438633,False,False,Descripción de la transacción
700,2019-12-27,Empresa D,México,Otro,826,False,False,Descripción de la transacción
701,2023-05-10,Empresa E,México,Regalo,862812,True,False,Descripción de la transacción
702,2023-06-13,Empresa D,India,Patrocinio,383,True,True,Descripción de la transacción
703,2018-11-29,Empresa A,Brasil,Patrocinio,929,False,False,Descripción de la transacción
704,2023-06-17,Empresa C,Estados Unidos,Regalo,6712,True,False,Descripción de la transacción
705,2023-01-28,Empresa B,Estados Unidos,Patrocinio,20856,True,True,Descripción de la transacción
706,2023-07-21,Empresa A,Brasil,Patrocinio,8445,False,True,Descripción de la transacción
707,2022-09-17,Empresa C,México,Donación,628,True,True,Descripción de la transacción
708,2019-11-23,Empresa C,Estados Unidos,Comisión,83709,False,False,Descripción de la transacción
709,2021-07-29,Empresa E,Nigeria,Donación,971,False,False,Descripción de la transacción
710,2022-11-01,Empresa B,Rusia,Otro,296,False,True,Descripción de la transacción
711,2019-04-07,Empresa C,Estados Unidos,Donación,120,True,False,Descripción de la transacción
712,2023-05-23,Empresa E,China,Otro,150840,False,False,Descripción de la transacción
713,2020-09-24,Empresa B,India,Donación,441,False,True,Descripción de la transacción
714,2021-05-26,Empresa D,India,Comisión,6519,False,True,Descripción de la transacción
715,2022-01-21,Empresa C,Rusia,Comisión,850014,False,True,Descripción de la transacción
716,2023-04-07,Empresa C,Rusia,Donación,764,False,True,Descripción de la transacción
717,2022-04-19,Empresa E,Rusia,Otro,68904,True,True,Descripción de la transacción
718,2022-01-16,Empresa C,México,Otro,85005,False,True,Descripción de la transacción
719,2020-08-16,Empresa C,Rusia,Otro,478,True,False,Descripción de la transacción
720,2018-05-31,Empresa C,México,Otro,443887,False,False,Descripción de la transacción
721,2021-06-13,Empresa E,India,Donación,7659,True,True,Descripción de la transacción
722,2022-12-04,Empresa E,India,Comisión,359,False,False,Descripción de la transacción
723,2018-12-18,Empresa E,China,Donación,95542,False,True,Descripción de la transacción
724,2018-05-09,Empresa C,México,Otro,341,False,True,Descripción de la transacción
725,2021-06-24,Empresa C,China,Donación,32642,True,True,Descripción de la transacción
726,2020-12-31,Empresa A,México,Patrocinio,101,False,False,Descripción de la transacción
727,2018-02-16,Empresa D,México,Comisión,43616,True,True,Descripción de la transacción
728,2023-03-04,Empresa B,Estados Unidos,Otro,575,False,False,Descripción de la transacción
729,2018-08-06,Empresa A,México,Patrocinio,4839,True,False,Descripción de la transacción
730,2020-05-12,Empresa D,Rusia,Comisión,4861,True,False,Descripción de la transacción
731,2022-06-06,Empresa A,Rusia,Otro,2553,False,True,Descripción de la transacción
732,2022-06-04,Empresa C,Rusia,Regalo,578,True,False,Descripción de la transacción
733,2021-09-21,Empresa B,Rusia,Comisión,56331,False,True,Descripción de la transacción
734,2023-11-22,Empresa D,Nigeria,Patrocinio,238,False,True,Descripción de la transacción
735,2023-07-22,Empresa D,Rusia,Otro,914333,False,True,Descripción de la transacción
736,2022-11-07,Empresa C,Rusia,Patrocinio,7679,False,True,Descripción de la transacción
737,2019-04-27,Empresa D,Rusia,Patrocinio,1216,True,False,Descripción de la transacción
738,2023-03-25,Empresa D,India,Patrocinio,23891,False,True,Descripción de la transacción
739,2022-09-21,Empresa B,Rusia,Otro,430,True,False,Descripción de la transacción
740,2023-09-20,Empresa C,Estados Unidos,Otro,260,False,False,Descripción de la transacción
741,2023-08-22,Empresa D,Brasil,Donación,62020,False,True,Descripción de la transacción
742,2018-06-19,Empresa B,India,Comisión,917941,True,True,Descripción de la transacción
743,2022-08-11,Empresa E,Rusia,Comisión,930284,True,True,Descripción de la transacción
744,2021-06-11,Empresa C,India,Donación,819,True,True,Descripción de la transacción
745,2022-10-26,Empresa A,India,Regalo,511,False,True,Descripción de la transacción
746,2022-10-16,Empresa C,Estados Unidos,Otro,32777,True,False,Descripción de la transacción
747,2023-10-26,Empresa B,México,Regalo,2397,True,True,Descripción de la transacción
748,2018-07-30,Empresa B,Estados Unidos,Otro,16596,True,False,Descripción de la transacción
749,2021-02-15,Empresa E,India,Otro,533,False,False,Descripción de la transacción
750,2019-06-25,Empresa B,Brasil,Patrocinio,678150,True,False,Descripción de la transacción
751,2018-03-19,Empresa B,Nigeria,Regalo,146835,False,False,Descripción de la transacción
752,2023-03-06,Empresa D,Estados Unidos,Donación,347987,True,False,Descripción de la transacción
753,2019-07-31,Empresa B,México,Otro,9426,True,True,Descripción de la transacción
754,2021-12-08,Empresa B,México,Regalo,19480,False,True,Descripción de la transacción
755,2023-12-13,Empresa C,Nigeria,Patrocinio,1409,False,False,Descripción de la transacción
756,2023-10-21,Empresa B,México,Donación,12899,False,False,Descripción de la transacción
757,2020-03-04,Empresa D,México,Comisión,208133,False,False,Descripción de la transacción
758,2018-02-20,Empresa B,México,Patrocinio,4814,True,True,Descripción de la transacción
759,2020-05-19,Empresa D,México,Regalo,338,True,False,Descripción de la transacción
760,2020-01-20,Empresa A,Rusia,Regalo,10281,False,False,Descripción de la transacción
761,2020-02-29,Empresa D,México,Otro,497,True,False,Descripción de la transacción
762,2019-11-07,Empresa A,Nigeria,Comisión,8119,True,False,Descripción de la transacción
763,2019-12-15,Empresa A,China,Patrocinio,3248,False,False,Descripción de la transacción
764,2022-10-26,Empresa B,Nigeria,Otro,108187,True,False,Descripción de la transacción
765,2023-08-24,Empresa E,Nigeria,Patrocinio,3775,False,False,Descripción de la transacción
766,2021-01-30,Empresa D,Rusia,Patrocinio,228,True,False,Descripción de la transacción
767,2023-05-21,Empresa D,México,Regalo,249,True,False,Descripción de la transacción
768,2018-12-03,Empresa E,China,Regalo,195,True,False,Descripción de la transacción
769,2022-12-07,Empresa C,India,Comisión,49938,True,False,Descripción de la transacción
770,2019-05-06,Empresa C,Rusia,Comisión,43488,True,True,Descripción de la transacción
771,2021-04-17,Empresa A,Nigeria,Otro,809,True,True,Descripción de la transacción
772,2019-09-25,Empresa C,Nigeria,Donación,12489,False,False,Descripción de la transacción
773,2020-07-18,Empresa A,Rusia,Otro,20049,False,False,Descripción de la transacción
774,2022-01-20,Empresa C,Rusia,Regalo,933985,False,False,Descripción de la transacción
775,2023-04-23,Empresa A,México,Patrocinio,751,True,True,Descripción de la transacción
776,2019-10-31,Empresa A,Brasil,Comisión,408242,False,True,Descripción de la transacción
777,2018-05-23,Empresa E,México,Donación,872,True,True,Descripción de la transacción
778,2022-07-02,Empresa C,Rusia,Comisión,607509,False,False,Descripción de la transacción
779,2022-09-20,Empresa B,Brasil,Otro,7175,False,False,Descripción de la transacción
780,2018-06-22,Empresa C,Nigeria,Donación,85918,False,False,Descripción de la transacción
781,2023-11-02,Empresa D,Nigeria,Donación,483215,False,False,Descripción de la transacción
782,2019-06-01,Empresa B,Brasil,Donación,124,True,True,Descripción de la transacción
783,2023-09-21,Empresa C,India,Donación,29327,True,False,Descripción de la transacción
784,2021-07-09,Empresa B,Rusia,Otro,4899,False,False,Descripción de la transacción
785,2022-06-03,Empresa C,Nigeria,Regalo,25181,False,True,Descripción de la transacción
786,2019-12-03,Empresa E,Estados Unidos,Donación,87842,True,False,Descripción de la transacción
787,2018-08-24,Empresa D,México,Comisión,813,False,False,Descripción de la transacción
788,2022-08-27,Empresa C,India,Patrocinio,502009,False,True,Descripción de la transacción
789,2021-01-08,Empresa A,Estados Unidos,Otro,851180,True,False,Descripción de la transacción
790,2022-12-09,Empresa D,Rusia,Donación,271,True,True,Descripción de la transacción
791,2019-12-31,Empresa C,México,Patrocinio,1763,True,True,Descripción de la transacción
792,2023-05-23,Empresa D,China,Patrocinio,47405,True,True,Descripción de la transacción
793,2023-03-23,Empresa A,India,Otro,22514,False,False,Descripción de la transacción
794,2023-01-16,Empresa A,India,Comisión,1881,True,True,Descripción de la transacción
795,2018-06-06,Empresa C,Estados Unidos,Donación,166225,True,True,Descripción de la transacción
796,2018-03-31,Empresa E,India,Otro,5029,True,False,Descripción de la transacción
797,2020-12-05,Empresa D,Estados Unidos,Comisión,8463,False,True,Descripción de la transacción
798,2020-11-02,Empresa B,Estados Unidos,Donación,214,True,True,Descripción de la transacción
799,2020-01-26,Empresa B,Nigeria,Patrocinio,255,True,True,Descripción de la transacción
800,2020-12-12,Empresa D,China,Comisión,581,True,False,Descripción de la transacción
801,2018-10-05,Empresa A,Rusia,Patrocinio,922,False,True,Descripción de la transacción
802,2023-03-31,Empresa E,Nigeria,Patrocinio,19931,False,False,Descripción de la transacción
803,2023-01-09,Empresa E,México,Patrocinio,70484,False,False,Descripción de la transacción
804,2019-05-06,Empresa C,México,Comisión,100,True,False,Descripción de la transacción
805,2019-11-15,Empresa C,China,Comisión,6689,False,False,Descripción de la transacción
806,2020-12-07,Empresa A,Nigeria,Donación,501,True,True,Descripción de la transacción
807,2019-11-16,Empresa C,Estados Unidos,Otro,805100,True,True,Descripción de la transacción
808,2018-05-25,Empresa D,Estados Unidos,Otro,3689,True,True,Descripción de la transacción
809,2023-08-19,Empresa B,China,Comisión,7680,False,False,Descripción de la transacción
810,2021-12-31,Empresa D,India,Donación,26375,False,True,Descripción de la transacción
811,2021-08-09,Empresa A,India,Donación,475855,False,True,Descripción de la transacción
812,2021-01-28,Empresa A,China,Comisión,363,True,True,Descripción de la transacción
813,2023-11-25,Empresa D,Brasil,Comisión,344,True,False,Descripción de la transacción
814,2021-09-18,Empresa A,Estados Unidos,Donación,191145,False,False,Descripción de la transacción
815,2023-09-25,Empresa A,Estados Unidos,Patrocinio,8003,False,False,Descripción de la transacción
816,2023-03-02,Empresa C,India,Comisión,68742,False,True,Descripción de la transacción
817,2022-07-03,Empresa B,Brasil,Comisión,555675,False,False,Descripción de la transacción
818,2022-09-01,Empresa B,Nigeria,Regalo,68506,False,False,Descripción de la transacción
819,2022-12-08,Empresa C,China,Comisión,765055,True,False,Descripción de la transacción
820,2023-07-26,Empresa B,Brasil,Donación,90629,False,False,Descripción de la transacción
821,2019-07-05,Empresa E,Brasil,Patrocinio,29200,True,False,Descripción de la transacción
822,2023-02-25,Empresa B,Nigeria,Comisión,735503,True,True,Descripción de la transacción
823,2022-05-25,Empresa C,México,Donación,665,True,True,Descripción de la transacción
824,2023-02-18,Empresa E,Nigeria,Donación,936492,False,True,Descripción de la transacción
825,2022-01-27,Empresa B,China,Comisión,65412,False,False,Descripción de la transacción
826,2018-09-01,Empresa A,México,Otro,326,False,True,Descripción de la transacción
827,2020-08-06,Empresa B,Rusia,Otro,821,True,True,Descripción de la transacción
828,2022-07-15,Empresa C,México,Patrocinio,7000,False,True,Descripción de la transacción
829,2018-02-07,Empresa A,Rusia,Regalo,5119,False,True,Descripción de la transacción
830,2018-10-30,Empresa C,Rusia,Donación,866372,True,True,Descripción de la transacción
831,2019-08-28,Empresa C,México,Otro,235,False,False,Descripción de la transacción
832,2022-04-29,Empresa A,México,Donación,721763,False,False,Descripción de la transacción
833,2023-06-08,Empresa A,Estados Unidos,Patrocinio,7170,False,True,Descripción de la transacción
834,2021-04-02,Empresa D,India,Comisión,7344,False,False,Descripción de la transacción
835,2020-04-13,Empresa E,México,Regalo,942,True,True,Descripción de la transacción
836,2021-06-10,Empresa A,Nigeria,Patrocinio,137,False,False,Descripción de la transacción
837,2021-08-10,Empresa D,India,Donación,25150,True,False,Descripción de la transacción
838,2018-12-20,Empresa A,México,Otro,589184,True,False,Descripción de la transacción
839,2022-04-13,Empresa C,Nigeria,Regalo,747,True,False,Descripción de la transacción
840,2022-01-04,Empresa D,Brasil,Patrocinio,714,False,False,Descripción de la transacción
841,2021-07-18,Empresa C,China,Donación,55297,False,True,Descripción de la transacción
842,2018-12-27,Empresa E,China,Donación,21273,False,True,Descripción de la transacción
843,2020-02-02,Empresa E,China,Patrocinio,8331,True,False,Descripción de la transacción
844,2023-09-17,Empresa E,Estados Unidos,Comisión,7168,True,True,Descripción de la transacción
845,2020-08-06,Empresa E,India,Donación,87727,True,True,Descripción de la transacción
846,2022-12-26,Empresa E,India,Otro,227,False,False,Descripción de la transacción
847,2019-05-14,Empresa E,Rusia,Comisión,424,True,True,Descripción de la transacción
848,2020-09-08,Empresa A,China,Patrocinio,303767,False,False,Descripción de la transacción
849,2019-09-04,Empresa B,México,Donación,833,False,True,Descripción de la transacción
850,2021-07-03,Empresa C,Brasil,Donación,587211,True,True,Descripción de la transacción
851,2019-12-25,Empresa D,Brasil,Otro,283,False,True,Descripción de la transacción
852,2023-10-01,Empresa C,Nigeria,Patrocinio,77899,False,True,Descripción de la transacción
853,2021-01-14,Empresa B,Estados Unidos,Comisión,13991,True,False,Descripción de la transacción
854,2019-01-02,Empresa C,México,Regalo,68758,True,False,Descripción de la transacción
855,2018-12-10,Empresa E,Estados Unidos,Otro,481,False,True,Descripción de la transacción
856,2022-03-16,Empresa B,Estados Unidos,Comisión,583063,True,True,Descripción de la transacción
857,2023-05-03,Empresa C,Estados Unidos,Comisión,982319,False,True,Descripción de la transacción
858,2020-08-01,Empresa A,Estados Unidos,Otro,8021,True,True,Descripción de la transacción
859,2019-08-08,Empresa C,México,Regalo,890371,False,True,Descripción de la transacción
860,2020-06-18,Empresa D,Estados Unidos,Patrocinio,826613,True,False,Descripción de la transacción
861,2018-04-14,Empresa C,México,Donación,26653,True,True,Descripción de la transacción
862,2020-02-07,Empresa B,Rusia,Otro,655160,False,False,Descripción de la transacción
863,2021-06-15,Empresa B,México,Regalo,394,True,True,Descripción de la transacción
864,2018-10-22,Empresa E,Estados Unidos,Otro,68560,False,False,Descripción de la transacción
865,2018-08-20,Empresa C,México,Regalo,7675,True,True,Descripción de la transacción
866,2021-08-24,Empresa D,México,Otro,62258,False,False,Descripción de la transacción
867,2018-12-10,Empresa C,Nigeria,Donación,820,True,False,Descripción de la transacción
868,2020-05-09,Empresa A,India,Regalo,633,True,True,Descripción de la transacción
869,2018-04-15,Empresa B,México,Patrocinio,45537,True,False,Descripción de la transacción
870,2022-02-27,Empresa A,Brasil,Patrocinio,61364,False,True,Descripción de la transacción
871,2023-12-07,Empresa B,China,Donación,85872,True,True,Descripción de la transacción
872,2023-10-18,Empresa E,México,Regalo,569844,True,True,Descripción de la transacción
873,2020-11-15,Empresa C,México,Patrocinio,215080,False,False,Descripción de la transacción
874,2021-10-24,Empresa D,México,Otro,929368,True,True,Descripción de la transacción
875,2022-03-22,Empresa D,México,Regalo,3173,True,True,Descripción de la transacción
876,2021-12-06,Empresa B,India,Otro,619,False,True,Descripción de la transacción
877,2018-01-23,Empresa B,México,Donación,4493,True,False,Descripción de la transacción
878,2021-07-20,Empresa C,Nigeria,Comisión,677,True,True,Descripción de la transacción
879,2019-12-03,Empresa C,Brasil,Comisión,627205,False,True,Descripción de la transacción
880,2022-07-29,Empresa E,India,Donación,22941,False,False,Descripción de la transacción
881,2018-06-19,Empresa D,Brasil,Donación,181768,True,False,Descripción de la transacción
882,2020-03-17,Empresa B,India,Comisión,114,True,True,Descripción de la transacción
883,2020-07-04,Empresa A,Nigeria,Comisión,518,False,True,Descripción de la transacción
884,2022-07-03,Empresa D,Brasil,Donación,832910,False,True,Descripción de la transacción
885,2020-10-07,Empresa E,Brasil,Otro,1012,True,True,Descripción de la transacción
886,2022-08-20,Empresa C,Rusia,Comisión,254206,False,False,Descripción de la transacción
887,2023-02-24,Empresa C,India,Regalo,984645,True,True,Descripción de la transacción
888,2023-09-21,Empresa E,China,Comisión,6007,False,False,Descripción de la transacción
889,2018-05-11,Empresa D,Estados Unidos,Otro,681331,True,True,Descripción de la transacción
890,2019-11-21,Empresa D,India,Donación,411,False,True,Descripción de la transacción
891,2020-09-02,Empresa D,Rusia,Regalo,7420,False,False,Descripción de la transacción
892,2022-08-22,Empresa B,Nigeria,Patrocinio,350564,False,False,Descripción de la transacción
893,2018-01-11,Empresa A,China,Donación,8117,False,False,Descripción de la transacción
894,2018-05-19,Empresa E,Rusia,Patrocinio,9311,True,True,Descripción de la transacción
895,2019-11-03,Empresa D,Nigeria,Patrocinio,263272,False,False,Descripción de la transacción
896,2023-06-16,Empresa C,Rusia,Patrocinio,67466,True,False,Descripción de la transacción
897,2023-08-22,Empresa E,Nigeria,Donación,411027,True,True,Descripción de la transacción
898,2019-04-09,Empresa D,Estados Unidos,Otro,709610,True,True,Descripción de la transacción
899,2022-11-19,Empresa B,Nigeria,Donación,470755,False,False,Descripción de la transacción
900,2019-05-09,Empresa A,México,Donación,563168,False,False,Descripción de la transacción
901,2018-03-30,Empresa C,Estados Unidos,Otro,416,True,True,Descripción de la transacción
902,2020-09-07,Empresa A,México,Donación,206,True,True,Descripción de la transacción
903,2021-05-22,Empresa A,India,Donación,570996,True,True,Descripción de la transacción
904,2018-08-04,Empresa B,India,Patrocinio,87834,True,False,Descripción de la transacción
905,2018-11-09,Empresa D,Rusia,Otro,364779,False,False,Descripción de la transacción
906,2018-10-30,Empresa D,Estados Unidos,Patrocinio,34746,True,True,Descripción de la transacción
907,2019-08-27,Empresa E,Nigeria,Regalo,522190,True,False,Descripción de la transacción
908,2019-11-05,Empresa E,India,Donación,361596,False,True,Descripción de la transacción
909,2020-11-30,Empresa D,Brasil,Comisión,275288,True,False,Descripción de la transacción
910,2019-05-21,Empresa B,Nigeria,Comisión,209795,False,True,Descripción de la transacción
911,2023-03-10,Empresa B,Estados Unidos,Regalo,5217,True,False,Descripción de la transacción
912,2020-04-26,Empresa D,Nigeria,Comisión,185,False,False,Descripción de la transacción
913,2022-12-31,Empresa B,México,Patrocinio,5229,False,True,Descripción de la transacción
914,2022-02-20,Empresa D,Brasil,Comisión,689,True,False,Descripción de la transacción
915,2023-04-27,Empresa C,India,Comisión,239,False,True,Descripción de la transacción
916,2019-02-01,Empresa E,Estados Unidos,Comisión,84548,False,True,Descripción de la transacción
917,2018-12-21,Empresa B,México,Donación,203471,False,False,Descripción de la transacción
918,2022-09-23,Empresa D,Brasil,Comisión,5593,True,False,Descripción de la transacción
919,2019-08-01,Empresa A,Rusia,Patrocinio,625517,False,False,Descripción de la transacción
920,2019-06-02,Empresa D,India,Otro,95211,False,False,Descripción de la transacción
921,2023-12-11,Empresa B,Nigeria,Otro,85480,True,False,Descripción de la transacción
922,2022-05-17,Empresa E,Nigeria,Regalo,2630,True,True,Descripción de la transacción
923,2021-06-22,Empresa D,Brasil,Regalo,23130,True,False,Descripción de la transacción
924,2019-03-13,Empresa E,Estados Unidos,Patrocinio,473,False,False,Descripción de la transacción
925,2022-10-04,Empresa E,Rusia,Otro,72435,True,False,Descripción de la transacción
926,2018-12-20,Empresa C,China,Patrocinio,14986,False,False,Descripción de la transacción
927,2023-04-30,Empresa D,India,Patrocinio,4759,False,True,Descripción de la transacción
928,2020-12-23,Empresa A,México,Regalo,918096,False,False,Descripción de la transacción
929,2018-09-04,Empresa A,Brasil,Comisión,342430,True,True,Descripción de la transacción
930,2019-08-04,Empresa B,Nigeria,Donación,349,True,False,Descripción de la transacción
931,2019-06-06,Empresa B,Nigeria,Comisión,9370,False,True,Descripción de la transacción
932,2022-01-30,Empresa D,Rusia,Patrocinio,272967,True,True,Descripción de la transacción
933,2021-12-25,Empresa C,China,Regalo,96615,False,True,Descripción de la transacción
934,2021-08-29,Empresa E,Nigeria,Comisión,21850,True,True,Descripción de la transacción
935,2023-12-27,Empresa D,China,Patrocinio,514,False,False,Descripción de la transacción
936,2021-01-28,Empresa E,Brasil,Comisión,249525,False,True,Descripción de la transacción
937,2018-11-29,Empresa E,Brasil,Patrocinio,806814,False,True,Descripción de la transacción
938,2019-03-10,Empresa C,Nigeria,Regalo,654038,False,True,Descripción de la transacción
939,2020-04-29,Empresa D,India,Regalo,6427,True,True,Descripción de la transacción
940,2023-03-14,Empresa A,Rusia,Donación,873,True,True,Descripción de la transacción
941,2019-06-16,Empresa B,Brasil,Patrocinio,3769,False,False,Descripción de la transacción
942,2019-09-26,Empresa D,Rusia,Patrocinio,98751,True,True,Descripción de la transacción
943,2019-06-12,Empresa D,Nigeria,Regalo,8441,False,False,Descripción de la transacción
944,2020-03-14,Empresa D,India,Regalo,663,False,False,Descripción de la transacción
945,2020-08-10,Empresa C,Estados Unidos,Donación,40825,False,False,Descripción de la transacción
946,2023-04-30,Empresa A,Brasil,Patrocinio,9821,True,False,Descripción de la transacción
947,2022-04-19,Empresa D,India,Patrocinio,8799,False,True,Descripción de la transacción
948,2020-04-08,Empresa A,India,Regalo,831211,True,False,Descripción de la transacción
949,2021-05-26,Empresa E,México,Patrocinio,430090,False,False,Descripción de la transacción
950,2019-05-16,Empresa E,Rusia,Otro,946,True,True,Descripción de la transacción
951,2022-04-15,Empresa E,Estados Unidos,Otro,626352,True,True,Descripción de la transacción
952,2019-08-24,Empresa B,India,Otro,606,False,True,Descripción de la transacción
953,2021-09-06,Empresa C,Estados Unidos,Comisión,247726,True,False,Descripción de la transacción
954,2022-02-09,Empresa A,Rusia,Regalo,342971,True,False,Descripción de la transacción
955,2021-01-10,Empresa E,Estados Unidos,Otro,926,True,False,Descripción de la transacción
956,2020-02-24,Empresa B,India,Otro,599483,True,True,Descripción de la transacción
957,2022-03-17,Empresa D,India,Donación,6561,True,True,Descripción de la transacción
958,2022-10-15,Empresa C,India,Donación,290431,False,False,Descripción de la transacción
959,2019-02-03,Empresa B,México,Otro,198,False,False,Descripción de la transacción
960,2019-09-23,Empresa A,Estados Unidos,Regalo,707,True,True,Descripción de la transacción
961,2019-04-12,Empresa A,México,Donación,906151,False,False,Descripción de la transacción
962,2019-04-14,Empresa C,China,Patrocinio,2513,False,False,Descripción de la transacción
963,2018-06-19,Empresa E,Nigeria,Otro,726926,False,True,Descripción de la transacción
964,2020-09-10,Empresa C,Nigeria,Donación,6013,True,True,Descripción de la transacción
965,2022-05-18,Empresa C,México,Patrocinio,60635,False,True,Descripción de la transacción
966,2023-05-12,Empresa A,Nigeria,Regalo,5233,False,False,Descripción de la transacción
967,2020-08-16,Empresa D,India,Comisión,48439,True,True,Descripción de la transacción
968,2018-07-27,Empresa D,Estados Unidos,Regalo,478,False,True,Descripción de la transacción
969,2023-05-31,Empresa B,Rusia,Regalo,58657,False,False,Descripción de la transacción
970,2023-08-04,Empresa C,Brasil,Comisión,3775,True,True,Descripción de la transacción
971,2020-07-12,Empresa E,India,Otro,258,False,True,Descripción de la transacción
972,2020-04-08,Empresa D,Rusia,Otro,596,False,True,Descripción de la transacción
973,2018-09-02,Empresa D,Rusia,Regalo,80558,True,True,Descripción de la transacción
974,2023-11-06,Empresa C,India,Regalo,339,False,False,Descripción de la transacción
975,2021-07-11,Empresa A,Brasil,Donación,764303,True,True,Descripción de la transacción
976,2019-02-09,Empresa C,Rusia,Comisión,624773,False,False,Descripción de la transacción
977,2020-10-07,Empresa A,México,Donación,278355,False,True,Descripción de la transacción
978,2018-08-19,Empresa A,China,Patrocinio,2383,True,False,Descripción de la transacción
979,2019-01-20,Empresa C,India,Regalo,7810,False,False,Descripción de la transacción
980,2019-04-01,Empresa C,Brasil,Donación,805,False,True,Descripción de la transacción
981,2023-08-20,Empresa C,Estados Unidos,Comisión,406571,True,True,Descripción de la transacción
982,2018-06-10,Empresa D,Nigeria,Comisión,689,True,False,Descripción de la transacción
983,2018-05-27,Empresa C,Nigeria,Regalo,10225,True,True,Descripción de la transacción
984,2020-05-10,Empresa C,Estados Unidos,Patrocinio,59744,False,True,Descripción de la transacción
985,2019-01-26,Empresa B,México,Regalo,6451,True,True,Descripción de la transacción
986,2019-09-02,Empresa D,Nigeria,Regalo,9140,True,True,Descripción de la transacción
987,2019-12-23,Empresa A,India,Otro,148,False,False,Descripción de la transacción
988,2022-11-15,Empresa C,India,Patrocinio,6789,False,True,Descripción de la transacción
989,2020-09-04,Empresa D,Brasil,Patrocinio,776283,False,False,Descripción de la transacción
990,2018-06-17,Empresa D,México,Comisión,81418,True,True,Descripción de la transacción
991,2022-06-18,Empresa A,Estados Unidos,Donación,51745,False,True,Descripción de la transacción
992,2021-11-22,Empresa E,Brasil,Regalo,2375,False,False,Descripción de la transacción
993,2022-05-12,Empresa A,Rusia,Regalo,639108,False,False,Descripción de la transacción
994,2022-09-16,Empresa C,Estados Unidos,Patrocinio,13181,False,False,Descripción de la transacción
995,2018-05-06,Empresa D,Rusia,Otro,5381,False,True,Descripción de la transacción
996,2018-04-12,Empresa A,Estados Unidos,Donación,469976,False,False,Descripción de la transacción
997,2022-07-20,Empresa C,Rusia,Comisión,776,True,True,Descripción de la transacción
998,2022-12-09,Empresa C,India,Otro,181955,False,False,Descripción de la transacción
999,2021-06-16,Empresa C,México,Donación,86755,False,True,Descripción de la transacción
1000,2019-12-29,Empresa C,Rusia,Patrocinio,7436,False,True,Descripción de la transacción
